issue	sku	product_name	competitor	price	in_stock	active	is_used	context	url
PRICE_ZERO_IN_STOCK	BROTHER-DCP-T226	Máy in Brother DCP-T226	Thành Nhân	0.0	True	True	False	Giá=0 nhưng in_stock=True — mâu thuẫn quy ước, nghi bug parse giá	https://www.tnc.com.vn/may-in-brother-dcp-t226.html
PRICE_ZERO_IN_STOCK	BROTHER-DCP-T236	Máy in Brother DCP-T236	Thành Nhân	0.0	True	True	False	Giá=0 nhưng in_stock=True — mâu thuẫn quy ước, nghi bug parse giá	https://www.tnc.com.vn/may-in-brother-dcp-t236.html
PRICE_ZERO_IN_STOCK	BROTHER-HL-L3230CDN	Máy in Brother HL-L3230CDN	Thành Nhân	0.0	True	True	False	Giá=0 nhưng in_stock=True — mâu thuẫn quy ước, nghi bug parse giá	https://www.tnc.com.vn/may-in-brother-hl-l3230cdn.html
PRICE_ZERO_IN_STOCK	BROTHER-HL-L5100DN	Máy in Brother HL-L5100DN	Thành Nhân	0.0	True	True	False	Giá=0 nhưng in_stock=True — mâu thuẫn quy ước, nghi bug parse giá	https://www.tnc.com.vn/may-in-brother-hl-l5100dn.html
PRICE_ZERO_IN_STOCK	BROTHER-HL-L6200DW	Máy in Brother HL-L6200DW	Thành Nhân	0.0	True	True	False	Giá=0 nhưng in_stock=True — mâu thuẫn quy ước, nghi bug parse giá	https://www.tnc.com.vn/may-in-brother-hl-l6200dw.html
PRICE_ZERO_IN_STOCK	BROTHER-HL-L6400DW	Máy in Brother HL-L6400DW	Thành Nhân	0.0	True	True	False	Giá=0 nhưng in_stock=True — mâu thuẫn quy ước, nghi bug parse giá	https://www.tnc.com.vn/may-in-laser-brother-hl-l6400dw.html
PRICE_ZERO_IN_STOCK	BROTHER-MFC-L5700DN	Máy in Brother MFC-L5700DN	Thành Nhân	0.0	True	True	False	Giá=0 nhưng in_stock=True — mâu thuẫn quy ước, nghi bug parse giá	https://www.tnc.com.vn/may-in-laser-brother-mfc-l5700dn.html
PRICE_ZERO_IN_STOCK	BROTHER-MFC-L6915DW	Máy in Brother MFC-L6915DW - In laser trắng đen đa năng	Thành Nhân	0.0	True	True	False	Giá=0 nhưng in_stock=True — mâu thuẫn quy ước, nghi bug parse giá	https://www.tnc.com.vn/may-in-brother-mfc-l6915dw.html
PRICE_ZERO_IN_STOCK	BROTHER-MFC-L9630CDN	Máy in Brother MFC-L9630CDN	Thành Nhân	0.0	True	True	False	Giá=0 nhưng in_stock=True — mâu thuẫn quy ước, nghi bug parse giá	https://www.tnc.com.vn/may-in-brother-mfc-l9630cdn.html
PRICE_ZERO_IN_STOCK	EPSON-L1110	Máy in Epson L1110	Thành Nhân	0.0	True	True	False	Giá=0 nhưng in_stock=True — mâu thuẫn quy ước, nghi bug parse giá	https://www.tnc.com.vn/may-in-epson-l1110.html
PRICE_ZERO_IN_STOCK	EPSON-L3110	Máy in Epson L3110	Thành Nhân	0.0	True	True	False	Giá=0 nhưng in_stock=True — mâu thuẫn quy ước, nghi bug parse giá	https://www.tnc.com.vn/may-in-epson-l3110.html
PRICE_ZERO_IN_STOCK	EPSON-L3150	Máy in Epson L3150	Thành Nhân	0.0	True	True	False	Giá=0 nhưng in_stock=True — mâu thuẫn quy ước, nghi bug parse giá	https://www.tnc.com.vn/may-in-epson-l3150.html
PRICE_ZERO_IN_STOCK	EPSON-L4150	Máy in Epson L4150	Thành Nhân	0.0	True	True	False	Giá=0 nhưng in_stock=True — mâu thuẫn quy ước, nghi bug parse giá	https://www.tnc.com.vn/may-in-epson-l4150.html
PRICE_ZERO_IN_STOCK	EPSON-L5290	Máy in Epson L5290 - In phun màu đa năng	Thành Nhân	0.0	True	True	False	Giá=0 nhưng in_stock=True — mâu thuẫn quy ước, nghi bug parse giá	https://www.tnc.com.vn/may-in-epson-l5290.html
PRICE_ZERO_IN_STOCK	EPSON-L6170	Máy in Epson L6170	Thành Nhân	0.0	True	True	False	Giá=0 nhưng in_stock=True — mâu thuẫn quy ước, nghi bug parse giá	https://www.tnc.com.vn/may-in-epson-l6170.html
PRICE_ZERO_IN_STOCK	EPSON-L6260	Máy in phun màu đa năng Epson L6260	Thành Nhân	0.0	True	True	False	Giá=0 nhưng in_stock=True — mâu thuẫn quy ước, nghi bug parse giá	https://www.tnc.com.vn/may-in-epson-l6260.html
PRICE_ZERO_IN_STOCK	EPSON-L805	Máy in Epson L805	Thành Nhân	0.0	True	True	False	Giá=0 nhưng in_stock=True — mâu thuẫn quy ước, nghi bug parse giá	https://www.tnc.com.vn/epson-l805.html
PRICE_ZERO_IN_STOCK	EPSON-LQ680	Máy in Epson LQ680 PRO	Thành Nhân	0.0	True	True	False	Giá=0 nhưng in_stock=True — mâu thuẫn quy ước, nghi bug parse giá	https://www.tnc.com.vn/may-in-epson-lq680-pro.html
PRICE_ZERO_IN_STOCK	HP-1F3Y4A	Máy in HP Smart Tank 585 AIO (1F3Y4A)	Thành Nhân	0.0	True	True	False	Giá=0 nhưng in_stock=True — mâu thuẫn quy ước, nghi bug parse giá	https://www.tnc.com.vn/may-in-phun-mau-hp-smart-tank-585-aio-1f3y4a.html
PRICE_ZERO_IN_STOCK	HP-2KY38A	Máy in HP LaserJet MFP M436DN (2KY38A)	Thành Nhân	0.0	True	True	False	Giá=0 nhưng in_stock=True — mâu thuẫn quy ước, nghi bug parse giá	https://www.tnc.com.vn/may-in-hp-laserjet-mfp-m436dn-2ky38a-.html
PRICE_ZERO_IN_STOCK	HP-3G631A	Máy in HP LaserJet Pro MFP 3103fdn (3G631A)	Thành Nhân	0.0	True	True	False	Giá=0 nhưng in_stock=True — mâu thuẫn quy ước, nghi bug parse giá	https://www.tnc.com.vn/may-in-hp-laserjet-pro-mfp-3103fdn-3g631a.html
PRICE_ZERO_IN_STOCK	HP-3G653A	Máy in HP LaserJet Pro 3003dn (3G653A)	Thành Nhân	0.0	True	True	False	Giá=0 nhưng in_stock=True — mâu thuẫn quy ước, nghi bug parse giá	https://www.tnc.com.vn/may-in-hp-laserjet-pro-3003dn-3g653a.html
PRICE_ZERO_IN_STOCK	HP-3G654A	Máy in HP LaserJet Pro 3003dw (3G654A)	Thành Nhân	0.0	True	True	False	Giá=0 nhưng in_stock=True — mâu thuẫn quy ước, nghi bug parse giá	https://www.tnc.com.vn/may-in-hp-laserjet-pro-3003dw-3g654a.html
PRICE_ZERO_IN_STOCK	HP-4QD21A	Máy in HP Neverstop Laser MFP 1200a (4QD21A)	Thành Nhân	0.0	True	True	False	Giá=0 nhưng in_stock=True — mâu thuẫn quy ước, nghi bug parse giá	https://www.tnc.com.vn/may-in-hp-neverstop-laser-mfp-1200a-4qd21a-.html
PRICE_ZERO_IN_STOCK	HP-4RY26A	Máy in HP Neverstop Laser MFP 1200w (4RY26A)	Thành Nhân	0.0	True	True	False	Giá=0 nhưng in_stock=True — mâu thuẫn quy ước, nghi bug parse giá	https://www.tnc.com.vn/may-in-hp-neverstop-laser-mfp-1200w-4ry26a-.html
PRICE_ZERO_IN_STOCK	HP-5HH48A	Máy in HP Color LaserJet Pro 4203dw (5HH48A)	Thành Nhân	0.0	True	True	False	Giá=0 nhưng in_stock=True — mâu thuẫn quy ước, nghi bug parse giá	https://www.tnc.com.vn/may-in-mau-hp-color-laserjet-pro-4203dw-5hh48a.html
PRICE_ZERO_IN_STOCK	HP-5HH65A	Máy in HP Color LaserJet Pro MFP 4303dw (5HH65A)	Thành Nhân	0.0	True	True	False	Giá=0 nhưng in_stock=True — mâu thuẫn quy ước, nghi bug parse giá	https://www.tnc.com.vn/may-in-hp-color-laserjet-pro-mfp-4303dw-5hh65a.html
PRICE_ZERO_IN_STOCK	HP-5HH67A	Máy in HP Color LaserJet Pro MFP 4303fdw (5HH67A)	Thành Nhân	0.0	True	True	False	Giá=0 nhưng in_stock=True — mâu thuẫn quy ước, nghi bug parse giá	https://www.tnc.com.vn/may-in-mau-da-chuc-nang-hp-color-laserjet-pro-mfp-4303fdw-5hh67a.html
PRICE_ZERO_IN_STOCK	HP-6QN28A	Máy in HP Color LaserJet Ent 5700dn (6QN28A) - In laser màu đơn năng	Thành Nhân	0.0	True	True	False	Giá=0 nhưng in_stock=True — mâu thuẫn quy ước, nghi bug parse giá	https://www.tnc.com.vn/may-in-hp-color-laserjet-ent-5700dn-6qn28a.html
PRICE_ZERO_IN_STOCK	HP-6QN29A	Máy in HP Color LaserJet Ent MFP 5800dn (6QN29A) - In laser màu đa năng	Thành Nhân	0.0	True	True	False	Giá=0 nhưng in_stock=True — mâu thuẫn quy ước, nghi bug parse giá	https://www.tnc.com.vn/may-in-hp-color-laserjet-ent-mfp-5800dn-6qn29a.html
PRICE_ZERO_IN_STOCK	HP-6QN33A	Máy in laser màu đơn năng HP Color LaserJet Ent 6700dn (6QN33A)	Thành Nhân	0.0	True	True	False	Giá=0 nhưng in_stock=True — mâu thuẫn quy ước, nghi bug parse giá	https://www.tnc.com.vn/may-in-hp-color-laserjet-ent-6700dn-6qn33a.html
PRICE_ZERO_IN_STOCK	HP-6QN35A	Máy in laser màu đa năng HP Color LaserJet Ent MFP 6800dn (6QN35A)	Thành Nhân	0.0	True	True	False	Giá=0 nhưng in_stock=True — mâu thuẫn quy ước, nghi bug parse giá	https://www.tnc.com.vn/may-in-hp-color-laserjet-ent-mfp-6800dn-6qn35a.html
PRICE_ZERO_IN_STOCK	HP-7KW54A	Máy in HP Color LaserJet Pro MFP M182n 7KW54A	Thành Nhân	0.0	True	True	False	Giá=0 nhưng in_stock=True — mâu thuẫn quy ước, nghi bug parse giá	https://www.tnc.com.vn/may-in-hp-color-laserjet-pro-mfp-m182n.html
PRICE_ZERO_IN_STOCK	HP-7KW64A	Máy in HP Color LaserJet Pro M255dw (7KW64A)	Thành Nhân	0.0	True	True	False	Giá=0 nhưng in_stock=True — mâu thuẫn quy ước, nghi bug parse giá	https://www.tnc.com.vn/may-in-hp-color-laserjet-pro-m255dw-7kw64a-.html
PRICE_ZERO_IN_STOCK	HP-7PS82A	Máy in HP LaserJet Ent M610dn (7PS82A)	Thành Nhân	0.0	True	True	False	Giá=0 nhưng in_stock=True — mâu thuẫn quy ước, nghi bug parse giá	https://www.tnc.com.vn/may-in-hp-laserjet-ent-m610dn-7ps82a.html
PRICE_ZERO_IN_STOCK	HP-7PS84A	Máy in HP LaserJet Ent M611dn (7PS84A)	Thành Nhân	0.0	True	True	False	Giá=0 nhưng in_stock=True — mâu thuẫn quy ước, nghi bug parse giá	https://www.tnc.com.vn/may-in-hp-laserjet-ent-m611dn-7ps84a.html
PRICE_ZERO_IN_STOCK	HP-7PS86A	Máy in HP LaserJet Ent M612dn (7PS86A)	Thành Nhân	0.0	True	True	False	Giá=0 nhưng in_stock=True — mâu thuẫn quy ước, nghi bug parse giá	https://www.tnc.com.vn/may-in-hp-laserjet-ent-m612dn-7ps86a.html
PRICE_ZERO_IN_STOCK	HP-8AF43A	Máy in HP LaserJet MFP M438N (8AF43A)	Thành Nhân	0.0	True	True	False	Giá=0 nhưng in_stock=True — mâu thuẫn quy ước, nghi bug parse giá	https://www.tnc.com.vn/may-in-hp-laserjet-mfp-m438n-8af43a-.html
PRICE_ZERO_IN_STOCK	HP-8AF46A	Máy in HP LaserJet M440n MFP (8AF46A)	Thành Nhân	0.0	True	True	False	Giá=0 nhưng in_stock=True — mâu thuẫn quy ước, nghi bug parse giá	https://www.tnc.com.vn/may-in-hp-laserjet-m440n-mfp-8af46a-.html
PRICE_ZERO_IN_STOCK	HP-8X3D4A	Máy in HP LaserJet Pro 4006DN (8X3D4A)	Thành Nhân	0.0	True	True	False	Giá=0 nhưng in_stock=True — mâu thuẫn quy ước, nghi bug parse giá	https://www.tnc.com.vn/may-in-hp-laserjet-pro-4006dn-8x3d4a.html
PRICE_ZERO_IN_STOCK	HP-8X3D6A	Máy in HP LaserJet Pro 4006dw (8X3D6A)	Thành Nhân	0.0	True	True	False	Giá=0 nhưng in_stock=True — mâu thuẫn quy ước, nghi bug parse giá	https://www.tnc.com.vn/may-in-hp-laserjet-pro-4006dw-8x3d6a.html
PRICE_ZERO_IN_STOCK	HP-C5F95A	Máy in HP LaserJetPro M402dw (C5F95A)	Thành Nhân	0.0	True	True	False	Giá=0 nhưng in_stock=True — mâu thuẫn quy ước, nghi bug parse giá	https://www.tnc.com.vn/may-in-hp-laserjet-pro-m402dw-c5f95a-.html
PRICE_ZERO_IN_STOCK	HP-CE461A	Máy in HP LaserJet P2035 (CE461A)	Thành Nhân	0.0	True	True	False	Giá=0 nhưng in_stock=True — mâu thuẫn quy ước, nghi bug parse giá	https://www.tnc.com.vn/may-in-hp-laserjet-p2035-ce461a-.html
PRICE_ZERO_IN_STOCK	HP-CF235A	Máy in HP LaserJet Enterprise 700 Printer M712n (CF235A)	Thành Nhân	0.0	True	True	False	Giá=0 nhưng in_stock=True — mâu thuẫn quy ước, nghi bug parse giá	https://www.tnc.com.vn/may-in-hp-laserjet-enterprise-700-printer-m712n-cf235a.html
PRICE_ZERO_IN_STOCK	HP-CF236A	Máy in HP LaserJet Enterprise 700 Printer M712dn (CF236A)	Thành Nhân	0.0	True	True	False	Giá=0 nhưng in_stock=True — mâu thuẫn quy ước, nghi bug parse giá	https://www.tnc.com.vn/may-in-hp-laserjet-enterprise-700-printer-m712dn-cf236a.html
PRICE_ZERO_IN_STOCK	HP-CZ244A	Máy in HP LaserJet Enterprise M806dn (CZ244A)	Thành Nhân	0.0	True	True	False	Giá=0 nhưng in_stock=True — mâu thuẫn quy ước, nghi bug parse giá	https://www.tnc.com.vn/may-in-hp-laserjet-enterprise-m806dn-cz244a.html
PRICE_ZERO_IN_STOCK	HP-F2A68A	Máy in HP LaserJet Enterprise M506n (F2A68A)	Thành Nhân	0.0	True	True	False	Giá=0 nhưng in_stock=True — mâu thuẫn quy ước, nghi bug parse giá	https://www.tnc.com.vn/may-in-hp-laserjet-enterprise-m506n-f2a68a-.html
PRICE_ZERO_IN_STOCK	HP-G3Q74A	Máy in HP LaserJetPro MFP M227sdn (G3Q74A)	Thành Nhân	0.0	True	True	False	Giá=0 nhưng in_stock=True — mâu thuẫn quy ước, nghi bug parse giá	https://www.tnc.com.vn/may-in-hp-laserjet-pro-mfp-m227sdn-g3q74a-.html
PRICE_ZERO_IN_STOCK	HP-G3Q79A	Máy in HP LaserJetPro MFP M227fdn (G3Q79A)	Thành Nhân	0.0	True	True	False	Giá=0 nhưng in_stock=True — mâu thuẫn quy ước, nghi bug parse giá	https://www.tnc.com.vn/may-in-hp-laserjet-pro-mfp-m227fdn-g3q79a-.html
PRICE_ZERO_IN_STOCK	HP-K0Q14A	Máy in HP LaserJet Enterprise M607n (K0Q14A)	Thành Nhân	0.0	True	True	False	Giá=0 nhưng in_stock=True — mâu thuẫn quy ước, nghi bug parse giá	https://www.tnc.com.vn/may-in-hp-laserjet-enterprise-m607n-k0q14a-.html
PRICE_ZERO_IN_STOCK	HP-K0Q17A	Máy in HP LaserJet Enterprise M608n (K0Q17A)	Thành Nhân	0.0	True	True	False	Giá=0 nhưng in_stock=True — mâu thuẫn quy ước, nghi bug parse giá	https://www.tnc.com.vn/may-in-hp-laserjet-enterprise-m608n-k0q17a-.html
PRICE_ZERO_IN_STOCK	HP-K0Q18A	Máy in HP LaserJet Enterprise M608dn (K0Q18A)	Thành Nhân	0.0	True	True	False	Giá=0 nhưng in_stock=True — mâu thuẫn quy ước, nghi bug parse giá	https://www.tnc.com.vn/may-in-hp-laserjet-enterprise-m608dn-k0q18a-.html
PRICE_ZERO_IN_STOCK	HP-K0Q21A	Máy in HP LaserJet Enterprise M609dn (K0Q21A)	Thành Nhân	0.0	True	True	False	Giá=0 nhưng in_stock=True — mâu thuẫn quy ước, nghi bug parse giá	https://www.tnc.com.vn/may-in-hp-laserjet-enterprise-m609dn-k0q21a-.html
PRICE_ZERO_IN_STOCK	HP-M154A	Máy in HP LaserJetPro M154A	Thành Nhân	0.0	True	True	False	Giá=0 nhưng in_stock=True — mâu thuẫn quy ước, nghi bug parse giá	https://www.tnc.com.vn/may-in-hp-laserjet-pro-m154a.html
PRICE_ZERO_IN_STOCK	HP-M181FW	Máy in HP Color LaserJet Pro MFP M181FW T6B71A	Thành Nhân	0.0	True	True	False	Giá=0 nhưng in_stock=True — mâu thuẫn quy ước, nghi bug parse giá	https://www.tnc.com.vn/may-in-hp-color-laserjet-pro-mfp-m181fw-t6b71a.html
PRICE_ZERO_IN_STOCK	HP-M404DN	Máy in HP LaserJet Pro M404dn W1A53A	Thành Nhân	0.0	True	True	False	Giá=0 nhưng in_stock=True — mâu thuẫn quy ước, nghi bug parse giá	https://www.tnc.com.vn/may-in-hp-laserjet-pro-m404dn-w1a53a.html
PRICE_ZERO_IN_STOCK	HP-M404DW	Máy in HP LaserJet Pro 400 M404dw W1A56A	Thành Nhân	0.0	True	True	False	Giá=0 nhưng in_stock=True — mâu thuẫn quy ước, nghi bug parse giá	https://www.tnc.com.vn/may-in-hp-laserjet-pro-400-m404dw-w1a56a.html
PRICE_ZERO_IN_STOCK	HP-M438DN-8AF44A	Máy in HP LaserJet M438DN-8AF44A	Thành Nhân	0.0	True	True	False	Giá=0 nhưng in_stock=True — mâu thuẫn quy ước, nghi bug parse giá	https://www.tnc.com.vn/may-in-hp-laserjet-m438dn-8af43a.html
PRICE_ZERO_IN_STOCK	HP-M477FNW	Máy in HP Color Laserjet Pro MFP M477Fnw CF377A	Thành Nhân	0.0	True	True	False	Giá=0 nhưng in_stock=True — mâu thuẫn quy ước, nghi bug parse giá	https://www.tnc.com.vn/may-in-hp-color-laserjet-pro-mfp-m477fnw-cf377a.html
PRICE_ZERO_IN_STOCK	HP-M507DN	Máy in HP M507dn 1PV87A	Thành Nhân	0.0	True	True	False	Giá=0 nhưng in_stock=True — mâu thuẫn quy ước, nghi bug parse giá	https://www.tnc.com.vn/may-in-hp-m507dn-1pv87a.html
PRICE_ZERO_IN_STOCK	HP-T3U43A	Máy in HP Color LaserJet Ent M751n (T3U43A)	Thành Nhân	0.0	True	True	False	Giá=0 nhưng in_stock=True — mâu thuẫn quy ước, nghi bug parse giá	https://www.tnc.com.vn/may-in-hp-color-laserjet-ent-m751n-t3u43a.html
PRICE_ZERO_IN_STOCK	HP-T3U44A	Máy in HP Color LaserJet Ent M751dn (T3U44A)	Thành Nhân	0.0	True	True	False	Giá=0 nhưng in_stock=True — mâu thuẫn quy ước, nghi bug parse giá	https://www.tnc.com.vn/may-in-hp-color-laserjet-ent-m751dn-t3u44a.html
PRICE_ZERO_IN_STOCK	HP-T6B70A	Máy in HP Color LaserJet Pro M180n T6B70A	Thành Nhân	0.0	True	True	False	Giá=0 nhưng in_stock=True — mâu thuẫn quy ước, nghi bug parse giá	https://www.tnc.com.vn/may-in-hp-color-laserjet-pro-m180n-t6b70a.html
PRICE_ZERO_IN_STOCK	HP-T6B80A	Máy in HP Color LaserJet Pro MFP M280nw (T6B80A)	Thành Nhân	0.0	True	True	False	Giá=0 nhưng in_stock=True — mâu thuẫn quy ước, nghi bug parse giá	https://www.tnc.com.vn/may-in-hp-color-laserjet-pro-mfp-m280nw-t6b82a-1549960548.html
PRICE_ZERO_IN_STOCK	HP-W1A29A	Máy in HP LaserJet Pro MFP M428FDN (W1A29A)	Thành Nhân	0.0	True	True	False	Giá=0 nhưng in_stock=True — mâu thuẫn quy ước, nghi bug parse giá	https://www.tnc.com.vn/may-in-hp-laserjet-pro-mfp-m428fdn.html
PRICE_ZERO_IN_STOCK	HP-W1A52A	Máy in HP LaserJet Pro M404n (W1A52A)	Thành Nhân	0.0	True	True	False	Giá=0 nhưng in_stock=True — mâu thuẫn quy ước, nghi bug parse giá	https://www.tnc.com.vn/may-in-hp-laserjet-pro-m404n-w1a52a-.html
PRICE_ZERO_IN_STOCK	HP-W2G50A	Máy in HP LaserJet Pro M15a (W2G50A)	Thành Nhân	0.0	True	True	False	Giá=0 nhưng in_stock=True — mâu thuẫn quy ước, nghi bug parse giá	https://www.tnc.com.vn/may-in-hp-laserjet-pro-m15a-w2g50a-.html
PRICE_ZERO_IN_STOCK	HP-W2G51A	Máy in HP LaserJet Pro M15W (W2G51A)	Thành Nhân	0.0	True	True	False	Giá=0 nhưng in_stock=True — mâu thuẫn quy ước, nghi bug parse giá	https://www.tnc.com.vn/may-in-hp-laserjet-pro-m15w-w2g51a-.html
PRICE_ZERO_IN_STOCK	HP-W2G54A	Máy in HP LaserJet Pro MFP M28a (W2G54A)	Thành Nhân	0.0	True	True	False	Giá=0 nhưng in_stock=True — mâu thuẫn quy ước, nghi bug parse giá	https://www.tnc.com.vn/may-in-hp-laserjet-pro-mfp-m28a-w2g54a-.html
PRICE_ZERO_IN_STOCK	HP-W2G55A	Máy in HP LaserJet Pro MFP M28w (W2G55A)	Thành Nhân	0.0	True	True	False	Giá=0 nhưng in_stock=True — mâu thuẫn quy ước, nghi bug parse giá	https://www.tnc.com.vn/may-in-hp-laserjet-pro-mfp-m28w-w2g55a-.html
PRICE_ZERO_IN_STOCK	HP-W7U01A	Máy in HP LaserJet MFP M436n (W7U01A)	Thành Nhân	0.0	True	True	False	Giá=0 nhưng in_stock=True — mâu thuẫn quy ước, nghi bug parse giá	https://www.tnc.com.vn/may-in-hp-laserjet-mfp-m436n-w7u01a-.html
PRICE_ZERO_IN_STOCK	HP-Z4B04A	Máy in HP Ink Tank 315 AiO (Z4B04A)	Thành Nhân	0.0	True	True	False	Giá=0 nhưng in_stock=True — mâu thuẫn quy ước, nghi bug parse giá	https://www.tnc.com.vn/may-in-mau-hp-ink-tank-315-aio-z4b04a-.html
PRICE_ZERO_IN_STOCK	HP-Z4B53A	Máy in HP Ink Tank Wireless 415 (Z4B53A)	Thành Nhân	0.0	True	True	False	Giá=0 nhưng in_stock=True — mâu thuẫn quy ước, nghi bug parse giá	https://www.tnc.com.vn/may-in-hp-ink-tank-wireless-415-z4b53a-.html
PRICE_ZERO_IN_STOCK	PANTUM-BP5100DN	Máy in Pantum BP5100DN - In laser trắng đen đơn năng	Thành Nhân	0.0	True	True	False	Giá=0 nhưng in_stock=True — mâu thuẫn quy ước, nghi bug parse giá	https://www.tnc.com.vn/may-in-pantum-bp5100dn.html
PRICE_ZERO_IN_STOCK	PANTUM-BP5100DW	Máy in Pantum BP5100DW - In laser trắng đen đơn năng	Thành Nhân	0.0	True	True	False	Giá=0 nhưng in_stock=True — mâu thuẫn quy ước, nghi bug parse giá	https://www.tnc.com.vn/may-in-pantum-bp5100dw.html
PRICE_ZERO_IN_STOCK	PANTUM-BP5200DN	Máy in Pantum BP5200DN - In laser trắng đen đơn năng	Thành Nhân	0.0	True	True	False	Giá=0 nhưng in_stock=True — mâu thuẫn quy ước, nghi bug parse giá	https://www.tnc.com.vn/may-in-pantum-bp5200dn.html
PRICE_ZERO_IN_STOCK	PANTUM-BP5200DW	Máy in Pantum BP5200DW - In laser trắng đen đơn năng	Thành Nhân	0.0	True	True	False	Giá=0 nhưng in_stock=True — mâu thuẫn quy ước, nghi bug parse giá	https://www.tnc.com.vn/may-in-pantum-bp5200dw.html
